<?xml version="1.0" encoding="UTF-8"?>
<objects serializationModel="Studio.02.00.00">
	<object class="AudioFile" id="{dcaa6b17-fcd7-4651-8ae4-3e9bf833e277}">
		<property name="assetPath">
			<value>Surface/Collision/Vehicle/Collision3.wav</value>
		</property>
		<property name="frequencyInKHz">
			<value>48</value>
		</property>
		<property name="channelCount">
			<value>1</value>
		</property>
		<property name="length">
			<value>0.75129166666666669</value>
		</property>
		<relationship name="masterAssetFolder">
			<destination>{e5210950-87af-4270-969b-ec7c427cd259}</destination>
		</relationship>
	</object>
</objects>
