<?xml version="1.0" encoding="UTF-8"?>
<objects serializationModel="Studio.02.00.00">
	<object class="AudioFile" id="{824e0800-5ff7-4465-896a-3e7e26b9e06f}">
		<property name="assetPath">
			<value>Surface/Collision/Vehicle/Collision2.wav</value>
		</property>
		<property name="frequencyInKHz">
			<value>48</value>
		</property>
		<property name="channelCount">
			<value>1</value>
		</property>
		<property name="length">
			<value>1.6498333333333333</value>
		</property>
		<relationship name="masterAssetFolder">
			<destination>{e5210950-87af-4270-969b-ec7c427cd259}</destination>
		</relationship>
	</object>
</objects>
