<?xml version="1.0" encoding="UTF-8"?>
<objects serializationModel="Studio.02.00.00">
	<object class="EncodingSetting" id="{42b7a1ff-ace4-4887-be30-56f2a4bc12f9}">
		<property name="encodingFormat">
			<value>3</value>
		</property>
		<property name="quality">
			<value>37</value>
		</property>
		<relationship name="platform">
			<destination>{94eef9e7-9d45-46f4-9cab-24ac1f36de07}</destination>
		</relationship>
		<relationship name="encodable">
			<destination>{94eef9e7-9d45-46f4-9cab-24ac1f36de07}</destination>
		</relationship>
	</object>
</objects>
