<?xml version="1.0" encoding="UTF-8"?>
<objects serializationModel="Studio.02.00.00">
	<object class="AudioFile" id="{246c0ef9-9c46-4df3-bca2-65aa9dfce567}">
		<property name="assetPath">
			<value>Engine/Vehicle01/Idle.wav</value>
		</property>
		<property name="frequencyInKHz">
			<value>44.0999985</value>
		</property>
		<property name="channelCount">
			<value>1</value>
		</property>
		<property name="length">
			<value>3.1108390022675736</value>
		</property>
		<relationship name="masterAssetFolder">
			<destination>{e5210950-87af-4270-969b-ec7c427cd259}</destination>
		</relationship>
	</object>
</objects>
