<?xml version="1.0" encoding="UTF-8"?>
<objects serializationModel="Studio.02.00.00">
	<object class="AudioFile" id="{24cc4ad9-b82b-4436-8c9e-7954ba180dcc}">
		<property name="assetPath">
			<value>Surface/Collision/Vehicle/Collision6.wav</value>
		</property>
		<property name="frequencyInKHz">
			<value>48</value>
		</property>
		<property name="channelCount">
			<value>1</value>
		</property>
		<property name="length">
			<value>0.5309166666666667</value>
		</property>
		<relationship name="masterAssetFolder">
			<destination>{e5210950-87af-4270-969b-ec7c427cd259}</destination>
		</relationship>
	</object>
</objects>
