<?xml version="1.0" encoding="UTF-8"?>
<objects serializationModel="Studio.02.00.00">
	<object class="AudioFile" id="{47f5c034-a5ec-4fdb-a0f0-e505ab2222db}">
		<property name="assetPath">
			<value>Engine/Vehicle01/LoadHigh.wav</value>
		</property>
		<property name="frequencyInKHz">
			<value>44.0999985</value>
		</property>
		<property name="channelCount">
			<value>1</value>
		</property>
		<property name="length">
			<value>1.979501133786848</value>
		</property>
		<relationship name="masterAssetFolder">
			<destination>{e5210950-87af-4270-969b-ec7c427cd259}</destination>
		</relationship>
	</object>
</objects>
