<?xml version="1.0" encoding="UTF-8"?>
<objects serializationModel="Studio.02.00.00">
	<object class="Workspace" id="{6b2ec1e7-4770-4b5f-8b3b-39bf17e11407}">
		<relationship name="projectSettings">
			<destination>{940735c4-bc8d-417b-b1e0-428ee6551a49}</destination>
		</relationship>
		<relationship name="changelist">
			<destination>{74e4687f-3c12-42ba-a850-47484ad7ed26}</destination>
		</relationship>
		<relationship name="profilerSessionFolder">
			<destination>{a8186e06-b261-461c-8a35-4ad9337387f6}</destination>
		</relationship>
	</object>
	<object class="ProjectSettings" id="{940735c4-bc8d-417b-b1e0-428ee6551a49}">
		<relationship name="activePlatform">
			<destination>{94eef9e7-9d45-46f4-9cab-24ac1f36de07}</destination>
		</relationship>
	</object>
	<object class="WorkspaceChangelist" id="{74e4687f-3c12-42ba-a850-47484ad7ed26}" />
</objects>
